{"cameraMode":{"drawMode":0,"name":"Shaded","section":"Shading Mode"},"sceneLighting":false,"audioPlay":false,"sceneViewState":{"m_AlwaysRefresh":false,"showFog":true,"showSkybox":false,"showFlares":true,"showImageEffects":true,"showParticleSystems":true,"showVisualEffectGraphs":true,"m_FxEnabled":true},"in2DMode":false,"pivot":{"x":-0.5790412425994873,"y":-1.185023307800293,"z":-0.3519524335861206},"rotation":{"x":-0.0057291071861982349,"y":0.8648221492767334,"z":-0.009866655804216862,"w":-0.5019614696502686},"size":1.9958044290542603,"orthographic":false}